TIPO,AÑO,CIUDAD,INSTITUCION,COMUNA,VEREDA,DIRECCION
CENTRO EDUCATIVO,2.024,PEREIRA,CENTRO EDUCATIVO ENRIQUE MILLAN RUBIO,PUERTO CALDAS,PUERTO CALDAS,ENTRADA A PAPELES NACIONALES
CENTRO EDUCATIVO,2.024,PEREIRA,CENTRO EDUCATIVO ESPERANZA GALICIA,CERRITOS,CERRITOS,VDA ESPERANZA GALICIA
CENTRO EDUCATIVO,2.024,PEREIRA,CENTRO EDUCATIVO MARIA CRISTINA GOMEZ,ALTAGRACIA,ALTAGRACIA,CORREGIMIENTO DE ALTAGRACIA
CENTRO EDUCATIVO,2.024,PEREIRA,CENTRO EDUCATIVO PUERTO CALDAS,PUERTO CALDAS,PUERTO CALDAS,CORREG PUERTO CALDAS BAJO
CENTRO EDUCATIVO,2.024,PEREIRA,CENTRO EDUCATIVO SAN ANTONIO DE PADUA,SAN JOAQUIN,SAN JOAQUIN,AV LAS AMERICAS VIA MERCASA
CENTRO EDUCATIVO,2.024,PEREIRA,CENTRO EDUCATIVO TREINTA DE AGOSTO,CERRITOS,CERRITOS,GALICIA ALTA ENTRADA COMFAMILIAR
INSTITUCION EDUCATIVA,2.024,PEREIRA,COLEGIO SURORIENTAL DE PEREIRA,BOSTON,BOSTON,CL 17 23 B 20
INSTITUCION EDUCATIVA,2.024,PEREIRA,COMPLEJO EDUCATIVO LA JULITA,UNIVERSIDAD,UNIVERSIDAD,CL 14 KR 17 EQ
INSTITUCION EDUCATIVA,2.024,PEREIRA,ESCUELA NORMAL SUPERIOR EL JARDIN - DE RISARALDA,EL JARDIN,EL JARDIN,IND BARRIO EL JADIN II ETAPA
INSTITUCION EDUCATIVA,2.024,PEREIRA,I.E. DIEGO MAYA SALAZAR,POBLADO,POBLADO,KR 34 32 C 35
INSTITUCION EDUCATIVA,2.024,PEREIRA,I.E. HUGO ÁNGEL JARAMILLO,COMUNA DEL CAFÉ,COMUNA DEL CAFÉ,IND COMUNA CAFÉ - PARQUE INDUSTRIAL
INSTITUCION EDUCATIVA,2.024,PEREIRA,IE NUESTRA SEÑORA DE FATIMA,RIO OTUN,RIO OTUN,KR 7 40 65
INSTITUCION EDUCATIVA,2.024,PEREIRA,INSTITUCION EDUCATIVA ALFONSO JARAMILLO GUTIERREZ,SAN JOAQUIN,SAN JOAQUIN,KR 25 77 18
INSTITUCION EDUCATIVA,2.024,PEREIRA,INSTITUCION EDUCATIVA ALFREDO GARCIA,RIO OTUN,RIO OTUN,KR 2 35 A 36
INSTITUCION EDUCATIVA,2.024,PEREIRA,INSTITUCION EDUCATIVA AQUILINO BEDOYA,FERROCARRIL,FERROCARRIL,AV 30 DE AGOSTO 62 59
INSTITUCION EDUCATIVA,2.024,PEREIRA,INSTITUCION EDUCATIVA AUGUSTO ZULUAGA PATIÑO,RIO OTUN,RIO OTUN,CL 34 KR 3 BIS
INSTITUCION EDUCATIVA,2.024,PEREIRA,INSTITUCION EDUCATIVA BOYACA,CENTRO,CENTRO,KR 5 21 03
INSTITUCION EDUCATIVA,2.024,PEREIRA,INSTITUCION EDUCATIVA BYRON GAVIRIA,PERLA DEL OTUN,PERLA DEL OTUN,IND CL 75 CRAS 36 Y 37
INSTITUCION EDUCATIVA,2.024,PEREIRA,INSTITUCION EDUCATIVA CARLOS CASTRO SAAVEDRA,PUERTO CALDAS,PUERTO CALDAS,CORREG PUERTO CALDAS
INSTITUCION EDUCATIVA,2.024,PEREIRA,INSTITUCION EDUCATIVA CARLOS EDUARDO VASCO URIBE,PERLA DEL SUR,PERLA DEL SUR,KM 4 VIA MORELIA
INSTITUCION EDUCATIVA,2.024,PEREIRA,INSTITUCION EDUCATIVA CARLOTA SANCHEZ,RIO OTUN,RIO OTUN,CL 20 3 23
INSTITUCION EDUCATIVA,2.024,PEREIRA,INSTITUCION EDUCATIVA CENTENARIO,VILLAVICENCIO,VILLAVICENCIO,KR 9 4 50
INSTITUCION EDUCATIVA,2.024,PEREIRA,INSTITUCION EDUCATIVA CIUDAD BOQUIA,COMUNA DEL CAFÉ,COMUNA DEL CAFÉ,IND CIUDADELA DEL CAFÉ  SECTOR E
INSTITUCION EDUCATIVA,2.024,PEREIRA,INSTITUCION EDUCATIVA CIUDADELA CUBA,EL OSO,EL OSO,CL 71 KR 28 BR LOS CRISTALES
INSTITUCION EDUCATIVA,2.024,PEREIRA,INSTITUCION EDUCATIVA COMBIA,COMBIA BAJA,COMBIA BAJA,KM 5 VIA MARSELLA CRUCERO DE COMBIA
INSTITUCION EDUCATIVA,2.024,PEREIRA,INSTITUCION EDUCATIVA COMPARTIR LAS BRISAS,VILLA SANTANA,VILLA SANTANA,IND VILLA SANTANA BARRIO LAS BRISAS
INSTITUCION EDUCATIVA,2.024,PEREIRA,INSTITUCION EDUCATIVA COMUNITARIO CERRITOS,CERRITOS,CERRITOS,KM 15  VIA CERRITOS
INSTITUCION EDUCATIVA,2.024,PEREIRA,INSTITUCION EDUCATIVA CREC GUILLERMO HOYOS SALAZAR,COMBIA ALTA,COMBIA ALTA,VDA LA CONVENCION
INSTITUCION EDUCATIVA,2.024,PEREIRA,INSTITUCION EDUCATIVA DEOGRACIAS CARDONA,BOSTON,BOSTON,IND VIA EL POBLADO
INSTITUCION EDUCATIVA,2.024,PEREIRA,INSTITUCION EDUCATIVA EL DORADO,CONSOTA,CONSOTA,MZ 1 CS 1 BR EL DORAD
INSTITUCION EDUCATIVA,2.024,PEREIRA,INSTITUCION EDUCATIVA EL PITAL,COMBIA ALTA,COMBIA ALTA,VDA PITAL
INSTITUCION EDUCATIVA,2.024,PEREIRA,INSTITUCION EDUCATIVA EL RETIRO,MORELIA,MORELIA,VDA. EL RETIRO - CORREG MORELIA
INSTITUCION EDUCATIVA,2.024,PEREIRA,INSTITUCION EDUCATIVA ESCUELA DE LA PALABRA,RIO OTUN,RIO OTUN,IND CRA 3 # 26-17
INSTITUCION EDUCATIVA,2.024,PEREIRA,INSTITUCION EDUCATIVA FRANCISCO DE PAULA SANTANDER,VILLAVICENCIO,VILLAVICENCIO,IND CR 8 N° 9-61
INSTITUCION EDUCATIVA,2.024,PEREIRA,INSTITUCION EDUCATIVA GABRIEL TRUJILLO,CAIMALITO,CAIMALITO,IND CORREG CAIMALITO FRENTE A BODEGAS DE ALMACA
INSTITUCION EDUCATIVA,2.024,PEREIRA,INSTITUCION EDUCATIVA GONZALO MEJIA ECHEVERRY,ALTAGRACIA,ALTAGRACIA,VIA CORREG ALTAGRACIA
INSTITUCION EDUCATIVA,2.024,PEREIRA,INSTITUCION EDUCATIVA HANS DREWS ARANGO,CUBA,CUBA,IND CRA 26 CLL 78 LA LINDA VIA SAN JOAQUIN
INSTITUCION EDUCATIVA,2.024,PEREIRA,INSTITUCION EDUCATIVA HECTOR ANGEL ARCILA,LA FLORIDA,LA FLORIDA,CORREG LA FLORIDA
INSTITUCION EDUCATIVA,2.024,PEREIRA,INSTITUCION EDUCATIVA HERNANDO VELEZ MARULANDA,ORIENTE,ORIENTE,KR 7 2 13
INSTITUCION EDUCATIVA,2.024,PEREIRA,INSTITUCION EDUCATIVA INEM FELIPE PEREZ,EL JARDIN,EL JARDIN,IND BARRIO EL JARDIN I ETAPA
INSTITUCION EDUCATIVA,2.024,PEREIRA,INSTITUCION EDUCATIVA INSTITUTO TECNICO SUPERIOR,UNIVERSIDAD,UNIVERSIDAD,CL 17 KR 23
INSTITUCION EDUCATIVA,2.024,PEREIRA,INSTITUCION EDUCATIVA JESUS DE LA BUENA ESPERANZA,RIO OTUN,RIO OTUN,KR 3 34 46
INSTITUCION EDUCATIVA,2.024,PEREIRA,INSTITUCION EDUCATIVA JESUS MARIA ORMAZA,CUBA,CUBA,KR 22 BIS 75 00
INSTITUCION EDUCATIVA,2.024,PEREIRA,INSTITUCION EDUCATIVA JORGE ELIECER GAITAN,ORIENTE,ORIENTE,KR 7 1 E 31
INSTITUCION EDUCATIVA,2.024,PEREIRA,INSTITUCION EDUCATIVA JOSE ANTONIO GALAN,TRIBUNAS CORCEGA,TRIBUNAS CORCEGA,KM 7 VIA ARMENIA
INSTITUCION EDUCATIVA,2.024,PEREIRA,INSTITUCION EDUCATIVA JUAN XXIII,CUBA,CUBA,IND CRA 23B NRO 73A-40 CUBA
INSTITUCION EDUCATIVA,2.024,PEREIRA,INSTITUCION EDUCATIVA LA BELLA,LA BELLA,LA BELLA,CORREG LA BELLA
INSTITUCION EDUCATIVA,2.024,PEREIRA,INSTITUCION EDUCATIVA LA CARBONERA,CAIMALITO,CAIMALITO,VDA LA CARBONERA
INSTITUCION EDUCATIVA,2.024,PEREIRA,INSTITUCION EDUCATIVA LA INMACULADA,CENTRO,CENTRO,KR 8 39 40
INSTITUCION EDUCATIVA,2.024,PEREIRA,INSTITUCION EDUCATIVA LA PALMILLA,LA ESTRELLA - LA PALMILLA,LA ESTRELLA - LA PALMILLA,VDA LA ESTRELLA
INSTITUCION EDUCATIVA,2.024,PEREIRA,INSTITUCION EDUCATIVA LENINGRADO,SAN JOAQUIN,SAN JOAQUIN,IND KR 28 C CL 80
INSTITUCION EDUCATIVA,2.024,PEREIRA,INSTITUCION EDUCATIVA LESTONNAC,ORIENTE,ORIENTE,KR 10 7 E 81
INSTITUCION EDUCATIVA,2.024,PEREIRA,INSTITUCION EDUCATIVA LUIS CARLOS GONZALEZ MEJIA,OLIMPICA,OLIMPICA,KR 17 82 103
INSTITUCION EDUCATIVA,2.024,PEREIRA,INSTITUCION EDUCATIVA MANOS UNIDAS,LA BELLA,LA BELLA,EL DANUBIO VILLA SANTANA
INSTITUCION EDUCATIVA,2.024,PEREIRA,INSTITUCION EDUCATIVA MARIA DOLOROSA - FRANCISCO JAVIER,CENTRO,CENTRO,IND CLL 33 NO 8 B 14
INSTITUCION EDUCATIVA,2.024,PEREIRA,INSTITUCION EDUCATIVA MATECAÑA,FERROCARRIL,FERROCARRIL,CL 62 10 B 08
INSTITUCION EDUCATIVA,2.024,PEREIRA,INSTITUCION EDUCATIVA MUNDO NUEVO,LA BELLA,LA BELLA,VDA MUNDO NUEVO
INSTITUCION EDUCATIVA,2.024,PEREIRA,INSTITUCION EDUCATIVA PABLO EMILIO CARDONA,RIO OTUN,RIO OTUN,KR 8 43 10
INSTITUCION EDUCATIVA,2.024,PEREIRA,INSTITUCION EDUCATIVA RAFAEL URIBE URIBE,CENTRO,CENTRO,CL 27 7 72
INSTITUCION EDUCATIVA,2.024,PEREIRA,INSTITUCION EDUCATIVA REMIGIO ANTONIO CAÑARTE,POBLADO,POBLADO,IND CALLE 28 N°28-51
INSTITUCION EDUCATIVA,2.024,PEREIRA,INSTITUCION EDUCATIVA RODRIGO ARENAS BETANCURT,EL OSO,EL OSO,IND CALLE 80 NO.36B 30 B/ CUCHILLA LOS CASTRO
INSTITUCION EDUCATIVA,2.024,PEREIRA,INSTITUCION EDUCATIVA SALAMANCA,PERLA DEL SUR,PERLA DEL SUR,KR 38 78 130
INSTITUCION EDUCATIVA,2.024,PEREIRA,INSTITUCION EDUCATIVA SAN FERNANDO,CUBA,CUBA,IND CLL 70 NO 23-20 SAN FERNANDO CUBA
INSTITUCION EDUCATIVA,2.024,PEREIRA,INSTITUCION EDUCATIVA SAN FRANCISCO DE ASIS,ARABIA,ARABIA,CORREG DE ARABIA
INSTITUCION EDUCATIVA,2.024,PEREIRA,INSTITUCION EDUCATIVA SAN JOAQUIN,SAN JOAQUIN,SAN JOAQUIN,IND VEREDA SAN JOAQUIN - VIA ALTAGRACIA
INSTITUCION EDUCATIVA,2.024,PEREIRA,"INSTITUCION EDUCATIVA SAN NICOLAS ""INESAN""",SAN NICOLAS,SAN NICOLAS,KR 15 30 34
INSTITUCION EDUCATIVA,2.024,PEREIRA,INSTITUCION EDUCATIVA SAN VICENTE HOGAR,CENTRO,CENTRO,CL 31 6 30
INSTITUCION EDUCATIVA,2.024,PEREIRA,INSTITUCION EDUCATIVA SOFIA HERNANDEZ MARIN,SAN JOAQUIN,SAN JOAQUIN,IND CR 25 BIS NO 74B-11 LA ISLA DE CUBA
INSTITUCION EDUCATIVA,2.024,PEREIRA,INSTITUCION EDUCATIVA VILLA SANTANA,VILLA SANTANA,VILLA SANTANA,IND MZ 24 SECTOR MONSERRATE
INSTITUCION EDUCATIVA,2.024,PEREIRA,INSTITUTO KENNEDY,ORIENTE,ORIENTE,KR 12 9 E 12
INSTITUCION EDUCATIVA,2.024,PEREIRA,JAIME SALAZAR ROBLEDO,VILLA SANTANA,VILLA SANTANA,IND KR 25 12 35
